Name,Address,Latitude,Longitude,Rating_Tabelog,Rating_Google,Tags,Summary,Station,Region,Thumbnail,Google_URL,Tabelog_URL,Created_At,Updated_At
焼肉・ホルモンあかやしろ 東京本部,東京都港区新橋3-16-20第三アートビル 1F,35.6654064,139.7564731,3.33,4.4,"💡 숨겨진 맛집, 이자카야, 야키니쿠, 미나토구, 카드 가능, 간편결제 가능","신바시역 인근에 위치한 이곳은 교토에서 상륙한 야키니쿠 전문점으로, 반지하의 아늑하고 차분한 공간과 프라이빗한 층별 구조 덕분에 번잡한 거리에서 벗어나 여유로운 식사가 가능합니다. 고기 질은 물론 비법 소스의 맛이 뛰어나며, 후추 향이 매력적인 감자 샐러드와 매콤한 돌솥 비빔밥, 부드러운 와규 도테야키 등 안주와 식사 메뉴 모두 높은 완성도를 자랑합니다. 전반적으로 음식이 정갈하고 술과 잘 어울려 대중적이면서도 수준 높은 맛을 즐길 수 있다는 것이 장점이지만, 역에서 도보로 약 10분 정도 이동해야 하며 인기 시간대에는 예약을 권장합니다.",🚇 JR 신바시역에서 도보 2분,🗼 도쿄,https://tblg.k-img.com/resize/660x370c/restaurant/images/Rvw/201724/70eff1131f5cea6c933eb2ffc462e764.jpg?token=f580cb2&api=v2,"https://www.google.com/maps/place/%E7%84%BC%E8%82%89%E3%83%BB%E3%83%9B%E3%83%AB%E3%83%A2%E3%83%B3+%E3%81%82%E3%81%8B%E3%82%84%E3%81%97%E3%82%8D%E6%9D%B1%E4%BA%AC%E6%9C%AC%E9%83%A8/@35.6654064,139.7564731,17z/data=!3m1!4b1!4m6!3m5!1s0x60188b8fe8eed7bd:0xab29d8ca38f5cbb9!8m2!3d35.6654064!4d139.7564731!16s%2Fg%2F11ssf5r6hb?entry=ttu&g_ep=EgoyMDI2MDIyNC4wIKXMDSoASAFQAw%3D%3D",https://tabelog.com/tokyo/A1301/A130103/13283290/,2026-02-27,2026-02-27
AKARENGA STEAK HOUSE,大阪府大阪市港区海岸通2-6-39,34.6515913,135.4373135,3.58,4.5,"🏆 현지인 인증맛집, 이탈리안, 프렌치, 스테이크, 미나토구, 오사카, 카드 가능","오사카 항구의 100년 된 붉은 벽돌 창고를 개조한 이 식당은 하와이 명문 ‘Hy’s Steak House’의 일본 내 유일한 자매점으로, 고풍스럽고 중후한 역사적 건축미가 특징입니다. 스타인웨이 피아노 연주가 흐르는 클래식한 내부와 이국적인 외관 덕분에 생일이나 기념일 등 특별한 날을 위한 데이트 명소로 인기가 높습니다. 대표 메뉴로는 폭신하고 고소한 맛으로 극찬받는 ‘치즈 브레드’와 고품격 스테이크가 꼽히며, 분위기와 맛 모두 훌륭하다는 평이 많습니다. 다만 격식 있는 분위기와 가격대상 주로 예약제로 운영되며, 특별한 날 방문하기 좋은 고가의 레스토랑이라는 점이 특징입니다.",🚇 오사카코역에서 363m,🐙 오사카,https://tblg.k-img.com/resize/660x370c/restaurant/images/Rvw/312772/20d00908f7e2cfb13b7e4b9e99080094.jpg?token=e107b78&api=v2,"https://www.google.com/maps/place/AKARENGA+STEAK+HOUSE/@34.6515913,135.4347386,17z/data=!3m1!4b1!4m6!3m5!1s0x6000e863c0c7d22f:0x1e58a9753567cb5f!8m2!3d34.6515913!4d135.4373135!16s%2Fg%2F11b6v6xy77?entry=ttu&g_ep=EgoyMDI2MDIyNC4wIKXMDSoASAFQAw%3D%3D",https://tabelog.com/osaka/A2701/A270402/27085855/,2026-02-27,2026-02-27
大衆焼肉 港南精肉店,東京都港区港南2-4-9,35.6283925,139.7447386,3.44,4.2,"💡 숨겨진 맛집, 야키니쿠, 미나토구, 카드 가능, 간편결제 가능","시나가와역 도보 5분 거리의 가성비 좋은 대중 야키니쿠 식당으로, 국산우와 와규를 숯불 화로에 구워 먹는 서민적이고 편안한 분위기가 특징입니다.  두툼한 안창살(하라미)과 특별한 날을 위한 고기 케이크가 인기이며, 점심 메뉴가 알차고 오후 3시부터 영업하여 애매한 시간대에도 방문하기 좋습니다.  고기 질이 기대 이상으로 훌륭하고 가격 대비 만족도가 높지만, 2시간 이용 시간 제한이 매우 엄격하고 외국인 직원이 많아 소통이 다소 생소할 수 있다는 점은 참고해야 합니다.  전반적으로 혼밥부터 단체 모임까지 두루 적합하며, 합리적인 가격에 질 좋은 고기를 즐길 수 있어 재방문 의사가 높은 곳입니다.",🚇 시나가와역에서 도보 5분,🗼 도쿄,https://tblg.k-img.com/resize/660x370c/restaurant/images/Rvw/177912/d73a8be53e234e4fe09a8ce560589928.jpg?token=9a2b60f&api=v2,"https://www.google.com/maps/place/%E5%A4%A7%E8%A1%86%E7%84%BC%E8%82%89+%E6%B8%AF%E5%8D%97%E7%B2%BE%E8%82%89%E5%BA%97/@35.6283925,139.7447386,17z/data=!3m1!4b1!4m6!3m5!1s0x60188b14765b375f:0x44cabc4a39af1c70!8m2!3d35.6283925!4d139.7447386!16s%2Fg%2F11t42dgtyv?entry=ttu&g_ep=EgoyMDI2MDIyNC4wIKXMDSoASAFQAw%3D%3D",https://tabelog.com/tokyo/A1314/A131403/13273070/,2026-02-27,2026-02-27
RIGOLETTO SMOKE GRILL & BAR,京都府京都市東山区祇園町南側570-192,35.0024281,135.7761578,3.49,4.3,"💡 숨겨진 맛집, 이탈리안, 바(Bar), 교토, 카드 가능, 간편결제 가능","교토 기온의 전통 가옥(마치야)을 개조한 세련된 공간에서 스페인 요리와 이탈리안의 퓨전을 즐길 수 있는 레스토랑입니다. 신선한 교토 채소를 활용한 파스타와 스테이크, 가성비 좋은 런치 코스가 인기 메뉴로 꼽히며 요리의 시각적인 완성도와 맛 모두 높은 평가를 받고 있습니다. 기온 특유의 고급스러우면서도 편안한 분위기 덕분에 다양한 모임에 적합하지만, 교토 채소가 들어간 피자 등 일부 메뉴는 개인의 취향에 따라 선호도가 갈릴 수 있다는 의견이 있습니다.",🚇 기온시조역에서 405m,⛩️ 교토,https://tblg.k-img.com/resize/660x370c/restaurant/images/Rvw/341032/16bb9cb1ee3c2001abbe7d2ade1ab448.jpg?token=4c6b11c&api=v2,"https://www.google.com/maps/place/RIGOLETTO+SMOKE+GRILL+%26+BAR/@35.0024281,135.7761578,17z/data=!3m1!4b1!4m6!3m5!1s0x600108c3f692b38d:0x4dd444c24ee86014!8m2!3d35.0024281!4d135.7761578!16s%2Fg%2F11b6nld4pv?entry=ttu&g_ep=EgoyMDI2MDIyNC4wIKXMDSoASAFQAw%3D%3D",https://tabelog.com/kyoto/A2601/A260301/26024464/,2026-02-27,2026-02-27
居酒屋 えいと,香川県高松市瓦町1-9-9瓦町ビル 1F 東,34.3413108,134.0517201,3.55,4.4,"🏆 현지인 인증맛집, 이자카야, 해산물, 다카마쓰, 카드 가능, 간편결제 가능","다카마쓰 가와라町에 위치한 이 식당은 압도적인 양과 신선도를 자랑하는 **모둠 사시미**와 전국 각지의 다양한 **사케 라인업**이 강점인 인기 이자카야입니다. 모든 요리가 가격 이상의 높은 품질을 보여주며, 직원들의 친절한 서비스와 여유로운 좌석 배치 덕분에 편안하고 즐거운 분위기에서 식사할 수 있습니다. 다만, 평일에도 만석인 경우가 많아 예약 없이 방문하기 어려울 수 있다는 점이 단점이자 맛집으로서의 특징입니다.",🚇 가와라마치역 (가가와현)역에서 도보 4분,가가와,https://tblg.k-img.com/resize/660x370c/restaurant/images/Rvw/326033/4763b50e2917fa6bf6a081c121649b5f.jpg?token=f7c523f&api=v2,"https://www.google.com/maps/place/%E5%B1%85%E9%85%92%E5%B1%8B+%E3%81%88%E3%81%84%E3%81%A8/@34.3413108,134.0491452,17z/data=!3m1!4b1!4m6!3m5!1s0x3553eb45c524ddd3:0xeb7d6e5fbf3aaaeb!8m2!3d34.3413108!4d134.0517201!16s%2Fg%2F11f66v12dq?entry=ttu&g_ep=EgoyMDI2MDIyNC4wIKXMDSoASAFQAw%3D%3D",https://tabelog.com/kagawa/A3701/A370101/37009951/,2026-02-27,2026-02-27
味浪漫いしがま亭,京都府京都市下京区西石垣通四条下ル斎藤町140-29,35.0025866,135.7706581,3.23,4.3,"💡 숨겨진 맛집, 이자카야, 샤브샤브, 교토, 카드 가능, 간편결제 가능","일본 교토 가모가와 강변의 전통 가옥(교마치야) 정취를 간직한 이곳은 히가시야마의 풍경을 감상하며 식사할 수 있는 뛰어난 조망과 차분한 분위기가 특징입니다. 교토산 오리(교가모)를 활용한 샤브샤브와 소면, 여름철 하모(갯장어) 요리가 대표적이며, 깊은 감칠맛을 살린 정갈한 요리들로 방문객들의 만족도가 매우 높습니다. 직원들의 친절한 서비스와 빠른 음식 제공이 장점이며, 1인 나베부터 고급 코스 요리까지 구성이 다양해 여유로운 점심 식사나 각종 모임 장소로 인기가 많습니다. 다만 창가석이나 테라스석(노료유카)은 인기가 높으므로 미리 예약 후 방문하는 것을 추천합니다.",🚇 교토카와라마치역에서 도보 3분,⛩️ 교토,https://tblg.k-img.com/resize/660x370c/restaurant/images/Rvw/299009/ef1443b1d7d3761803fa9bbb771fe9ee.jpg?token=c836184&api=v2,"https://www.google.com/maps/place/%E5%91%B3%E6%B5%AA%E6%BC%AB+%E3%81%84%E3%81%97%E3%81%8C%E3%81%BE%E4%BA%AD/@35.0025866,135.7680832,17z/data=!3m1!4b1!4m6!3m5!1s0x600108bf92c93b23:0xe60ad22ff8ed2a3f!8m2!3d35.0025866!4d135.7706581!16s%2Fg%2F1vr1wjlc?entry=ttu&g_ep=EgoyMDI2MDIyNC4wIKXMDSoASAFQAw%3D%3D",https://tabelog.com/kyoto/A2601/A260201/26042453/,2026-02-27,2026-02-27
日本酒と肴 みや川,鹿児島県奄美市名瀬伊津部町10-13迫田ビル 1F,28.3784981,129.4966076,3.62,4.7,"🏆 현지인 인증맛집, 이자카야, 카드 가능, 간편결제 가능",[타베로그] 日曜日の夕食に伺った『みや川』さんです。 当日の夕方に電話にて予約、20時に入店。 予約はしておいた方がいいです。 駐車場は、近くのパーキングを案内していただきました。 店内は、カ... | [타베로그] せっかくグルメで食べていたのをみて、ここは来なければと思い訪問。 カウンターとテーブル3つぐらいの小さなお店ですが、料理やデザインなど，センスにあふれています。 お通しは、島豚焼売、イワ | [타베로그] お洒落で美味しい創作料理が楽しめるお店 奄美大島に新しくできた女子ウケ抜群の内装とお料理の数々。 お酒に合う存在感抜群の味付けに、どれもごだわりを感じました。 連れは少し塩辛いと言ってた,🚌 しまバス本社より徒歩１分,가고시마,https://tblg.k-img.com/resize/660x370c/restaurant/images/Rvw/200967/33c763bc7bafdef4d9b062eaa1808582.jpg?token=4359867&api=v2,"https://www.google.com/maps/place/%E6%97%A5%E6%9C%AC%E9%85%92%E3%81%A8%E8%82%B4+%E3%81%BF%E3%82%84%E5%B7%9D/@28.3784981,129.4966076,17z/data=!3m1!4b1!4m6!3m5!1s0x351fbb2adaed7969:0x726d3b1d7928b4e3!8m2!3d28.3784981!4d129.4966076!16s%2Fg%2F11n15898dm?entry=ttu&g_ep=EgoyMDI2MDMwMS4xIKXMDSoASAFQAw%3D%3D",https://tabelog.com/kagoshima/A4605/A460502/46014793/,2026-02-27,2026-03-05
神山町かねなり,東京都渋谷区神山町11-17日興パレス渋谷 1F,35.6636935,139.6938206,3.33,4.5,"💡 숨겨진 맛집, 이자카야, 해산물, 카드 가능","오쿠시부야의 숨은 맛집인 이곳은 해산물 중심의 정갈한 일식 요리를 선보이는 이자카야로, 차분한 조명과 세련된 음악이 어우러져 혼술이나 소규모 모임에 최적화된 분위기를 자랑합니다.  제철 사시미를 비롯해 메히카리(파란눈매퉁이) 튀김, 게살 크림 고로케, 주먹밥 등 모든 메뉴가 맛있고 정성이 가득하다는 평이 많으며, 뛰어난 요리 퀄리티 대비 가성비 또한 훌륭합니다.  전석 카운터석으로 구성되어 조리 과정을 직접 볼 수 있는 재미가 있는 반면, 입구가 눈에 잘 띄지 않고 상황에 따라 직원들끼리의 사적인 대화가 분위기를 저해할 수 있다는 점은 방문 시 참고하시기 바랍니다.",🚇 시부야역에서 631m,🗼 도쿄,https://tblg.k-img.com/resize/660x370c/restaurant/images/Rvw/337790/b7bbc24b80e2baa13fa4c7eeba6430e1.jpg?token=a3c6c03&api=v2,"https://www.google.com/maps/place/%E7%A5%9E%E5%B1%B1%E7%94%BA+%E3%81%8B%E3%81%AD%E3%81%AA%E3%82%8A/@35.6636935,139.6938206,17z/data=!3m1!4b1!4m6!3m5!1s0x60188df7d3fa6b7f:0xe257d373ac776aec!8m2!3d35.6636935!4d139.6938206!16s%2Fg%2F11nmcv837g?entry=ttu&g_ep=EgoyMDI2MDIyNC4wIKXMDSoASAFQAw%3D%3D",https://tabelog.com/tokyo/A1318/A131810/13257883/,2026-02-27,2026-02-27
西銀 ぼたん,熊本県熊本市中央区新市街2-6サンタカラヤビル　１Ｆ,32.7999237,130.7065852,3.56,3.9,"🏆 현지인 인증맛집, 이자카야, 말고기 요리, 향토 요리, 주오구, 구마모토, 카드 가능, 간편결제 가능","구마모토 향토 요리 전문점인 이곳은 '타베로그 100명점'에 선정된 검증된 맛집으로, 고급스러운 은신처 분위기의 개별실과 카운터석을 갖추고 있어 기념일이나 비즈니스 모임에 최적입니다. 신선도가 뛰어난 마사시(말고기 회)와 눈앞에서 구워주는 짚불 닭구이가 대표 인기 메뉴이며, 제철 생선회를 비롯해 주문하는 모든 요리의 완성도가 높다는 호평이 많습니다. 요리사의 친절한 설명과 세심한 서비스가 큰 장점이며, 인기 업장인 만큼 사전 예약을 통해 프라이빗한 개별실이나 조리 과정을 볼 수 있는 카운터석을 이용하는 것을 추천합니다.",🚇 구마모토역에서 도보 2분,구마모토,https://tblg.k-img.com/resize/660x370c/restaurant/images/Rvw/342390/e40431b1f19b93ffd4813465d4ae0c14.jpg?token=c3240c1&api=v2,"https://www.google.com/maps/place/%E8%A5%BF%E9%8A%80%E3%81%BC%E3%81%9F%E3%82%93/@32.7999237,130.7065852,17z/data=!3m1!4b1!4m6!3m5!1s0x3540f472a2114a49:0xf52ff72f42b1667b!8m2!3d32.7999237!4d130.7065852!16s%2Fg%2F1tf6ddll?entry=ttu&g_ep=EgoyMDI2MDIyNS4wIKXMDSoASAFQAw%3D%3D",https://tabelog.com/kumamoto/A4301/A430101/43006640/,2026-02-27,2026-02-27
TUTTO OK! 栄店,愛知県名古屋市中区栄3-8-123,35.1671522,136.9049842,3.31,4.8,"💡 숨겨진 맛집, 이탈리안, 나고야, 카드 가능, 간편결제 가능","나고야 사카에 골목에 위치한 이곳은 아늑하고 세련된 분위기에서 독창적인 이탈리안 요리를 즐길 수 있는 곳으로, 화려한 전채 요리 모듬과 오리 샐러드, 콰트로 피자 등이 인기 메뉴입니다. 이전 식당의 영향으로 스파이스를 가미한 독특한 메뉴 구성이 돋보이며, 1인 카운터석부터 단체용 무제한 음료 코스까지 갖춰져 있어 혼밥이나 모임 모두에 적합합니다. 다만 현지인들에게 인기가 많아 18시 이후에는 금방 만석이 되므로, 헛걸음을 하지 않으려면 사전 예약 후 방문하는 것을 강력히 추천합니다.",🚇 사카에역에서 도보 5분,🏯 아이치,https://tblg.k-img.com/resize/660x370c/restaurant/images/Rvw/325729/c33347954e5c01476960b2acf95a0ea2.jpg?token=6f7eae0&api=v2,"https://www.google.com/maps/place/TUTTO+OK%EF%BC%81/@35.1671522,136.9024093,17z/data=!3m1!4b1!4m6!3m5!1s0x6003710652b48753:0xe16c1f14e0403853!8m2!3d35.1671522!4d136.9049842!16s%2Fg%2F11vlq9ft1v?entry=ttu&g_ep=EgoyMDI2MDIyNC4wIKXMDSoASAFQAw%3D%3D",https://tabelog.com/aichi/A2301/A230103/23086989/,2026-02-27,2026-02-27
函館活鮮居酒屋 魚和,北海道函館市松風町4-10,41.7713575,140.7313938,3.51,4.6,"🏆 현지인 인증맛집, 이자카야, 해산물, 스키야키, 하코다테, 카드 가능","하코다테역 인근에 위치한 이곳은 밝고 쾌적한 분위기에서 신선한 모둠 사시미, 털게, 소라회 등 고퀄리티의 홋카이도 해산물과 지역 특산인 '지모 두부' 요리를 즐길 수 있는 인기 이자카야입니다. 친절한 서비스와 가성비 좋은 게 요리, 생일 기념 디저트 서비스 등으로 현지인과 관광객 모두에게 만족도가 높으며 홋카이도산 사케와 함께 즐기기 좋습니다. 다만, 음식 메뉴의 가짓수가 아주 다양하지는 않고 활오징어 등 인기 재료가 일찍 소진될 수 있으며, 유명세로 인해 다소 소란스럽거나 예약이 필수적이라는 점은 참고해야 합니다.",🚇 JR 하코다테역에서 도보 10분,⛄ 홋카이도,https://tblg.k-img.com/resize/660x370c/restaurant/images/Rvw/303841/7538438388c5c1611ab1c0887ac1242e.jpg?token=d1069cb&api=v2,"https://www.google.com/maps/place/%E5%87%BD%E9%A4%A8%E6%B4%BB%E9%AE%AE%E5%B1%85%E9%85%92%E5%B1%8B+%E9%AD%9A%E5%92%8C+Uonagi/@41.7713575,140.7313938,17z/data=!3m1!4b1!4m6!3m5!1s0x5f9ef3f53b483773:0x1d6f26d4b3867cd2!8m2!3d41.7713575!4d140.7313938!16s%2Fg%2F11mcbrm8gq?entry=ttu&g_ep=EgoyMDI2MDIyNC4wIKXMDSoASAFQAw%3D%3D",https://tabelog.com/hokkaido/A0105/A010501/1080639/,2026-02-27,2026-02-27
個室会席 北大路 銀座本店,東京都中央区銀座8-5-12第2ウルワシビル　B1F・B2F,35.6684512,139.7598918,3.26,4.3,"💡 숨겨진 맛집, 해산물, 스키야키, 주오구, 카드 가능","신바시역 인근에 위치한 이곳은 전 좌석이 프라이빗한 개별실로 구성되어 있으며, 기모노를 입은 직원들의 품격 있는 접대 덕분에 비즈니스 미팅이나 중요한 모임 장소로 인기가 높습니다. 입안에서 녹는 와규 스키야키와 신선한 복어 요리가 포함된 가이세키 코스가 대표적이며, 전채부터 디저트까지 정갈하고 뛰어난 맛을 자랑합니다. 고급스러운 분위기와 세심한 서비스 대비 가격 만족도가 높고 2인부터 30인까지 수용 가능한 다양한 방이 마련되어 있다는 장점이 있지만, 정통 코스 요리인 만큼 인당 1만 엔 이상의 높은 가격대는 고려해야 할 점입니다.",🚇 긴자역에서 도보 ６분,🗼 도쿄,https://tblg.k-img.com/resize/660x370c/restaurant/images/Rvw/120138/120138357.jpg?token=c03a0c8&api=v2,"https://www.google.com/maps/place/%E5%80%8B%E5%AE%A4%E4%BC%9A%E5%B8%AD+%E5%8C%97%E5%A4%A7%E8%B7%AF+%E9%8A%80%E5%BA%A7%E6%9C%AC%E5%BA%97/@35.6684512,139.7598918,17z/data=!3m1!4b1!4m6!3m5!1s0x60188be918d4d22d:0xc76917f62d4100f0!8m2!3d35.6684512!4d139.7598918!16s%2Fg%2F1v29b_v4?entry=ttu&g_ep=EgoyMDI2MDIyNC4wIKXMDSoASAFQAw%3D%3D",https://tabelog.com/tokyo/A1301/A130103/13019429/,2026-02-27,2026-02-27
馬刺しと焼き鳥 グルマン三年坂,熊本県熊本市中央区安政町5-6SKYビル 1F,32.801576,130.709549,3.58,4.1,"🏆 현지인 인증맛집, 야키토리, 말고기 요리, 향토 요리, 주오구, 구마모토, 카드 가능, 간편결제 가능","구마모토 성 인근 상점가에 위치한 이 식당은 아카우시(붉은 소) 덮밥, 말고기 육회, 고기 계단 등 구마모토의 대표 향토 요리를 한곳에서 즐길 수 있어 관광객들에게 인기 있는 세련된 분위기의 맛집입니다. 메뉴 구성이 다양하고 양 조절이 가능해 혼자 여행하는 분들도 부담 없이 방문하기 좋으며, 특히 화려한 비주얼의 '고기 계단'과 부드러운 아카우시 요리에 대한 만족도가 높습니다. 다만, 주문 후 음식이 나오기까지 시간이 다소 걸리거나 고기의 익힘 정도에 따라 질기다는 평가도 일부 있으니 시간적 여유를 가지고 방문하시는 것을 추천합니다.",🚇 구마모토역에서 도보 5분,구마모토,https://tblg.k-img.com/resize/660x370c/restaurant/images/Rvw/315615/4161e9c25ffcf8c99fc22d3187bf57d4.jpg?token=e596c51&api=v2,"https://www.google.com/maps/place/%E3%82%B0%E3%83%AB%E3%83%9E%E3%83%B3%E4%B8%89%E5%B9%B4%E5%9D%82/@32.801576,130.7069741,17z/data=!3m1!4b1!4m6!3m5!1s0x3540f40c8d2c6e27:0x6b565399acb1cffb!8m2!3d32.801576!4d130.709549!16s%2Fg%2F11cs4lj5ph?entry=ttu&g_ep=EgoyMDI2MDIyNS4wIKXMDSoASAFQAw%3D%3D",https://tabelog.com/kumamoto/A4301/A430101/43012255/,2026-02-27,2026-02-27
ホルモン焼肉 はやぶさ,千葉県船橋市葛飾町2-408-2,35.7063812,139.9567957,3.53,4.1,"🏆 현지인 인증맛집, 이자카야, 야키니쿠, 후나바시, 카드 가능","니시후나바시역 인근에 위치한 이곳은 잡내 없이 깔끔하게 손질되어 입안에서 살살 녹는 고품질 호르몬(내장)과 다양한 종류의 우설 메뉴로 '치바현 최고'라는 찬사를 받는 맛집입니다. 매장 내부가 매우 청결하고 분위기가 차분하여 특별한 날이나 여유로운 식사를 즐기기에 좋으며, 아기용 식기를 제공하는 등 세심한 서비스가 돋보입니다. 다만 일반적인 식당에 비해 가격대가 다소 높고, 입구의 문턱 때문에 유모차 진입이 번거로울 수 있다는 점은 참고해야 합니다.",🚇 JR 니시후나바시역에서 도보 2분,✈️ 치바,https://tblg.k-img.com/resize/660x370c/restaurant/images/Rvw/260624/ec6b1c19c8e220f0410e6454468141e1.jpg?token=8d15ce0&api=v2,"https://www.google.com/maps/place/%E3%83%9B%E3%83%AB%E3%83%A2%E3%83%B3%E7%84%BC%E8%82%89+%E3%81%AF%E3%82%84%E3%81%B6%E3%81%95/@35.7063812,139.9567957,17z/data=!3m1!4b1!4m6!3m5!1s0x601880ea5bd358f5:0xa56243dcb80f3ae2!8m2!3d35.7063812!4d139.9567957!16s%2Fg%2F1hd_ssyqg?entry=ttu&g_ep=EgoyMDI2MDIyNC4wIKXMDSoASAFQAw%3D%3D",https://tabelog.com/chiba/A1202/A120201/12050583/,2026-02-27,2026-02-27
くら竹,石川県金沢市白菊町3-25,36.5595968,136.6480876,3.67,4,"🏆 현지인 인증맛집, 스시(초밥), 가나자와, 카드 가능",[타베로그] 週末日曜日チャリティーで七尾に用事があり、折角金沢まで来たので、娘と寿司でも食べて帰ろうという話になり、まだ行ったことない金沢で行きたい鮨屋の中でも、日曜日も営業されている“くら竹”さん | [타베로그] 金沢でお寿司を求めてディナーでこちらのお店に訪問。住宅街にポツンとたたずむ古民家風のお店です。11000円のコースを注文し、アテが数品あり、その後握りが10貫ほど出てきました。イカや甘エ | [타베로그] ランチでおまかせコースを予約して訪問しました。 一品料理、握りのコース構成がとても良くて、いずれも美味しかったです。 特ににぎりは、ありきたりではないネタと丁寧な仕事が素晴らしかったです,🚇 가나자와역에서 714m,이시카와,https://tblg.k-img.com/resize/660x370c/restaurant/images/Rvw/252991/983ab97c27d11e6447844a744f73065f.jpg?token=ff6cf8d&api=v2,"https://www.google.com/maps/place/%E3%81%8F%E3%82%89%E7%AB%B9/@36.5595968,136.6480876,17z/data=!3m1!4b1!4m6!3m5!1s0x5ff8337ffb06b683:0x3f32b9dc5f881da1!8m2!3d36.5595968!4d136.6480876!16s%2Fg%2F11c2chb_14?entry=ttu&g_ep=EgoyMDI2MDMwMS4xIKXMDSoASAFQAw%3D%3D",https://tabelog.com/ishikawa/A1701/A170101/17010326/,2026-02-27,2026-03-05
焼肉 味ひときれ,熊本県熊本市中央区新市街4-8反後第二ビル1F,32.799294,130.7060138,3.58,4.4,"🏆 현지인 인증맛집, 야키니쿠, 스테이크, 주오구, 구마모토, 카드 가능","구마모토의 명물인 아카우시(적우)와 냉동하지 않은 신선한 **생말고기 육회(마사시)**를 전문으로 하는 이곳은 현지인과 유튜버들 사이에서도 유명한 맛집입니다. 세련된 블랙 톤의 내부에 카운터석이 잘 갖춰져 있어 혼자 방문하기에도 좋으며, 특히 신선도가 뛰어난 **말 간 육회와 아카우시 구이 모둠**이 대표적인 인기 메뉴입니다. 워낙 인기가 많아 평일에도 만석인 경우가 잦으므로, 반드시 사전에 예약하고 방문하는 것을 추천합니다.",🚇 카라시마초역에서 93m,구마모토,https://tblg.k-img.com/resize/660x370c/restaurant/images/Rvw/223088/7342bed1a61e5cbe5adbd94dfd7a810d.jpg?token=821a29c&api=v2,"https://www.google.com/maps/place/%E5%91%B3%E3%81%B2%E3%81%A8%E3%81%8D%E3%82%8C/@32.799294,130.7060138,17z/data=!3m1!4b1!4m6!3m5!1s0x3540f4729c84ede3:0x10ceb3265c335fbd!8m2!3d32.799294!4d130.7060138!16s%2Fg%2F11bv1xcx_y?entry=ttu&g_ep=EgoyMDI2MDIyNS4wIKXMDSoASAFQAw%3D%3D",https://tabelog.com/kumamoto/A4301/A430101/43011624/,2026-02-27,2026-02-27
FOREST DINER 札幌店,北海道札幌市中央区北三条西4-1D-LIFEPLACE 札幌 1F,43.0652311,141.3505952,3.4,4.4,"💡 숨겨진 맛집, 수제버거, 바(Bar), 다이닝 바, 주오구, 삿포로, 카드 가능, 간편결제 가능","'FOREST DINER 삿포로점'은 삿포로역 인근 지하도와 연결되어 접근성이 뛰어나며, 세련된 미국식 다이닝 바 분위기 속에서 화려한 거리 조명을 감상할 수 있는 곳입니다. 육즙 가득한 나카오치 스테이크, 독특한 우설 버거, 술과 잘 어울리는 나초 등이 인기 메뉴이며 전반적인 음식의 간과 안주 맛에 대한 만족도가 높습니다. 세련된 분위기와 맛깔스러운 요리는 장점이지만, 스테이크가 다소 질기거나 크래프트 맥주의 종류가 제한적일 수 있다는 점은 호불호가 갈리는 요소입니다. 또한 무제한 음료(노미호다이) 이용 시 가격이나 종료 시간이 메뉴판에 명확히 안내되지 않을 수 있으니 사전에 확인하는 것을 추천합니다.",🚇 札幌市営東豊線 삿포로역에서 도보 1분,⛄ 홋카이도,https://tblg.k-img.com/resize/660x370c/restaurant/images/Rvw/253091/507b3622e75bd794012b2fb4340ec447.jpg?token=2ab23eb&api=v2,"https://www.google.com/maps/place/FOREST+DINER+%E6%9C%AD%E5%B9%8C%E5%BA%97/@43.0652311,141.3505952,17z/data=!3m1!4b1!4m6!3m5!1s0x5f0b297735894783:0x14b37e1d9e070ddf!8m2!3d43.0652311!4d141.3505952!16s%2Fg%2F11vc6n5n2g?entry=ttu&g_ep=EgoyMDI2MDIyNC4wIKXMDSoASAFQAw%3D%3D",https://tabelog.com/hokkaido/A0101/A010101/1076342/,2026-02-27,2026-02-27
Trattoria M's,東京都大田区蒲田5-28-18京急exイン B1F,35.5621355,139.7201424,3.43,4.3,"💡 숨겨진 맛집, 이탈리안, 해산물, 카드 가능, 간편결제 가능","제시된 리뷰를 바탕으로 요약한 「Trattoria M's」의 특징은 다음과 같습니다.  Trattoria M's는 신선한 제철 식재료를 활용한 요리를 선보이며 지역 주민들에게 꾸준히 사랑받는 이탈리안 레스토랑입니다. 대표 메뉴로는 시라스(멸치 치어) 및 간 페이스트를 올린 브루스케타, 라자냐, 볼로네제 등이 유명하며, 런치 타임에는 카레와의 하프 세트나 가성비 좋은 코스 요리도 인기가 많습니다. 지하에 위치해 있음에도 매장이 밝고 쾌적하며, 직원들의 친절한 응대와 넉넉한 좌석 배치 덕분에 가족이나 친구와 함께 여유로운 식사를 즐기기에 적합합니다. 다만 인기 있는 곳인 만큼 넓고 편안한 좌석을 이용하려면 사전 예약을 추천합니다.",🚇 가마타역 (도쿄도)역에서 도보 4분,🗼 도쿄,https://tblg.k-img.com/resize/660x370c/restaurant/images/Rvw/230300/95d67ab9453b454b36edd435d422e0fe.jpg?token=ac5c559&api=v2,"https://www.google.com/maps/place/Trattoria+M%E2%80%98s/@35.5621355,139.7201424,17z/data=!3m1!4b1!4m6!3m5!1s0x6018605a2640ef5d:0xd9e36b84bbc107f2!8m2!3d35.5621355!4d139.7201424!16s%2Fg%2F1tfydk0v?entry=ttu&g_ep=EgoyMDI2MDIyNC4wIKXMDSoASAFQAw%3D%3D",https://tabelog.com/tokyo/A1315/A131503/13017754/,2026-02-27,2026-02-27
前田,福岡県福岡市中央区西中洲12-10西中洲ビル B1F,33.3258972,130.1203502,3.54,,"🏆 현지인 인증맛집, 나베, 주오구, 후쿠오카, 카드 가능","후쿠오카 니시나카스에 위치한 '마에다(前田)'는 10년 넘게 명성을 이어온 자라 요리 전문점으로, 최근 좌식에서 테이블석으로 리모델링하여 더욱 쾌적한 분위기를 갖추었습니다. 대표 메뉴인 자라 전골(나베)과 죽, 튀김은 물론 자라 피와 알, 간 등 생소한 부위도 잡내 없이 깔끔하고 맛있다는 평이 압도적입니다. 주인장이 요리에 대해 친절히 설명해 주어 자라를 처음 접하는 입문자나 혼밥객도 부담 없이 즐길 수 있는 것이 큰 장점입니다. 신선한 제철 회와 고급 식재료를 곁들인 완성도 높은 코스 요리로 오랜 단골들의 꾸준한 사랑을 받는 곳입니다.",🚇 텐진 또는 나카스카와바타역에서 도보 8분,🍜 후쿠오카,https://tblg.k-img.com/resize/660x370c/restaurant/images/Rvw/205565/65e4e7c6188f9e2d403e81168881b2d6.jpg?token=b47446f&api=v2,"https://www.google.com/maps/search/%E5%89%8D%E7%94%B0+%E7%A6%8F%E5%B2%A1%E7%9C%8C%E7%A6%8F%E5%B2%A1/@33.3258972,130.1203502,10z/data=!3m1!4b1?entry=ttu&g_ep=EgoyMDI2MDIyNS4wIKXMDSoASAFQAw%3D%3D",https://tabelog.com/fukuoka/A4001/A400103/40001383/,2026-02-27,2026-03-02
GinaGina,東京都港区西麻布2-26-20ドゥーエ 西麻布II B1F,35.659794,139.7205989,3.55,4.6,"🏆 현지인 인증맛집, 카레, 미나토구, 카드 가능, 간편결제 가능","니시아자부에 위치한 「GinaGina」는 세련되고 고급스러운 분위기의 스페인 요리 전문점으로, 카운터석부터 가라오케 시설을 갖춘 대형 프라이빗 룸까지 마련되어 있어 모임 성격에 맞춰 이용하기 좋습니다. 280분간 정성스럽게 익힌 스테이크와 점심 한정 메뉴인 히다규 카레가 특히 인기이며, 식재료 본연의 맛을 살린 푸짐한 코스 요리와 와인 페어링에 대한 만족도가 매우 높습니다. 빌딩 지하의 숨겨진 은신처 같은 차분한 공간에서 수준 높은 미식 경험을 할 수 있다는 것이 장점이나, 럭셔리한 분위기만큼 가격대가 있고 입구가 눈에 띄지 않을 수 있습니다.","🚌 히로오역·오모테산도역·노기자카역 도보 약 13분, 롯폰기역 도보 10분, 미나미아오야마 7초메 버스 정류장 도보 3분, 히로오역에서 895m",🗼 도쿄,https://tblg.k-img.com/resize/660x370c/restaurant/images/Rvw/335157/4005dfecb00ce7c9e1d691e185b5a1da.jpg?token=5e2b6a2&api=v2,"https://www.google.com/maps/place/GinaGina/@35.659794,139.7205989,17z/data=!3m1!4b1!4m6!3m5!1s0x60188b5b24fb71e9:0x7bab5baa9839326e!8m2!3d35.659794!4d139.7205989!16s%2Fg%2F11jp0rzrsf?entry=ttu&g_ep=EgoyMDI2MDIyNS4wIKXMDSoASAFQAw%3D%3D",https://tabelog.com/tokyo/A1307/A130701/13264430/,2026-03-02,2026-03-02
創作Dining SHARI流川,広島県広島市中区薬研堀7-8ステイタス21 1F,34.3901552,132.4645979,3.56,4.6,"🏆 현지인 인증맛집, 이자카야, 히로시마, 카드 가능","일본 히로시마의 **「創作Dining SHARI 流川」**은 2024년 7월에 오픈한 곳으로, 상호명처럼 쌀(샤리) 요리와 로바타야키(화로구이), 그리고 정갈한 제철 오뎅을 주력으로 선보이는 창작 다이닝입니다. 고등어 봉초밥과 우니 호렌초 등 시각적으로도 아름다운 요리들이 인기이며, 유명 식당인 '미타키소' 계열사답게 직원들의 세심한 환대와 접객 서비스가 매우 뛰어나 비즈니스 회식이나 특별한 모임에 적합합니다. 다만, 단품 메뉴의 가격대가 다소 높게 책정되어 있어 가성비를 고려한다면 코스 요리를 추천하며, 높은 기대치에 비해 맛의 깊이 면에서 개인마다 미세한 호불호가 갈릴 수 있습니다.","🚌 히로시마 전철 에비스초 역 도보 5분, 핫초보리 버스 정류장 도보 5분 ※매장 입구는 나카신치 거리 쪽입니다. 에비스초 역에서 364m",히로시마,https://tblg.k-img.com/resize/660x370c/restaurant/images/Rvw/333257/fdafcb1964a641b2922c11d3e079a3e7.jpg?token=4ec359c&api=v2,"https://www.google.com/maps/place/%E5%89%B5%E4%BD%9CDining+SHARI%E6%B5%81%E5%B7%9D/@34.3901552,132.462023,17z/data=!3m1!4b1!4m6!3m5!1s0x355aa39d9b642a3f:0x6960010734904604!8m2!3d34.3901552!4d132.4645979!16s%2Fg%2F11vy40jcbv?entry=ttu&g_ep=EgoyMDI2MDIyNS4wIKXMDSoASAFQAw%3D%3D",https://tabelog.com/hiroshima/A3401/A340110/34032088/,2026-03-02,2026-03-02
ラ・ロカンダ ザ・リッツ・カールトン京都,京都府京都市中京区鴨川二条大橋畔リッツカールトン京都 1F,35.013768,135.770837,3.65,4.5,"🏆 현지인 인증맛집, 이탈리안, 레스토랑, 교토, 카드 가능","더 리츠칼튼 교토 내에 위치한 '라 로카ンダ(La Locanda)'는 전통 가옥(에비스가와테이)을 이축한 공간이 주는 고풍스러움과 현대적인 럭셔리함이 조화를 이루는 차분한 분위기가 특징입니다. 정교하게 조리된 도카치 소고기 찜과 해산물 타르타르가 대표 메뉴이며, 특히 조식에서 맛볼 수 있는 피에르 에르메의 베이커리와 정갈한 일식·양식 구성에 대한 만족도가 매우 높습니다. 유연한 예약 대응과 아이를 동반한 가족을 위한 세심한 배려 등 최상급 서비스가 큰 강점이나, 일부 메뉴는 평범할 수 있다는 의견도 있습니다. 전반적으로 공간의 품격과 서비스 품질이 압도적이라 기념일이나 특별한 날 방문하기에 최적의 장소로 추천됩니다.",🚇 교토역에서 372m,⛩️ 교토,https://tblg.k-img.com/resize/660x370c/restaurant/images/Rvw/338619/24a334822fd8235005d40e70da3500d5.jpg?token=6bece2e&api=v2,"https://www.google.com/maps/place/%E3%83%A9%E3%83%BB%E3%83%AD%E3%82%AB%E3%83%B3%E3%83%80/@35.013768,135.770837,17z/data=!3m1!4b1!4m6!3m5!1s0x6001088d338cdb9b:0xb713095fdb375f36!8m2!3d35.013768!4d135.770837!16s%2Fg%2F11dx92ng9b?entry=ttu&g_ep=EgoyMDI2MDIyNS4wIKXMDSoASAFQAw%3D%3D",https://tabelog.com/kyoto/A2601/A260202/26023294/,2026-03-02,2026-03-02
鮨 凰月,大阪府大阪市北区神山町9-14オリカ神山テナントビル 2F,34.7036046,135.5048107,3.56,4,"🏆 현지인 인증맛집, 이자카야, 스시(초밥), 해산물, 기타구, 오사카, 카드 가능, 간편결제 가능","오사카 나카자키초에 위치한 **'스시 오게츠(鮨 凰月)'**는 기타신치 출신 실력파 셰프의 정교한 스시를 합리적인 가격(디너 코스 약 13,200엔)에 즐길 수 있는 숨은 명소로, K-팝 아이돌도 즐겨 찾는 곳입니다. 제철 식재료를 활용한 **'오게츠 코스'**가 대표적이며, 대구 정소 수프와 입안에서 녹는 대도로 등 신선한 네타(재료)와 샤리(밥)의 조화가 뛰어난 고품질 요리를 제공합니다. 일요일 영업 및 심야 시간대 운영으로 접근성이 뛰어나며 전반적으로 가격 대비 만족도가 매우 높다는 평이 많지만, 개인에 따라 가격에 딱 맞는 평이한 수준이라는 의견도 존재합니다.",🚇 나카자키초역에서 도보 5분,🐙 오사카,https://tblg.k-img.com/resize/660x370c/restaurant/images/Rvw/259529/8b59263f3e435339c91ffe486a874d77.jpg?token=0a2d73b&api=v2,"https://www.google.com/maps/place/%E9%AE%A8+%E5%87%B0%E6%9C%88/@34.7036046,135.5022358,17z/data=!3m1!4b1!4m6!3m5!1s0x6000e7000f274101:0x67ac6a417de67ff5!8m2!3d34.7036046!4d135.5048107!16s%2Fg%2F11vs2w96nc?entry=ttu&g_ep=EgoyMDI2MDIyNS4wIKXMDSoASAFQAw%3D%3D",https://tabelog.com/osaka/A2701/A270101/27140155/,2026-03-02,2026-03-02
MERAKI KITCHEN,愛知県名古屋市中村区名駅3-11-10ゴトウビル 2F,35.1738794,136.885746,3.52,4.2,"🏆 현지인 인증맛집, 비스트로, 나고야, 카드 가능","나고야 메이에키에 위치한 'MERAKI KITCHEN'은 압도적인 양과 뛰어난 가성비를 자랑하는 해산물 중심의 비스트로로, 활기찬 분위기와 친절한 서비스 덕분에 예약이 필수인 인기 맛집입니다. 도미 한 마리가 통째로 들어간 부야베스와 그 국물로 만든 리조또, 그리고 신선한 채소가 듬뿍 담긴 카르파초가 이곳의 대표 메뉴로 손꼽힙니다. 전반적으로 음식의 맛과 볼륨에 대한 만족도가 매우 높으나, 인기 상점인 만큼 늘 붐비고 북적거리며 간혹 재료 수급 상황에 따라 메뉴 구성이 예고 없이 변경될 수 있다는 점은 참고해야 합니다.",🚇 나고야역에서 도보 ５분,🏯 아이치,https://tblg.k-img.com/resize/660x370c/restaurant/images/Rvw/81654/81654295.jpg?token=d0863a0&api=v2,"https://www.google.com/maps/place/MERAKI+KITCHEN/@35.1738794,136.885746,17z/data=!3m1!4b1!4m6!3m5!1s0x600376c2d65de957:0xf105094c3ab84afe!8m2!3d35.1738794!4d136.885746!16s%2Fg%2F11c6cq5bqc?entry=ttu&g_ep=EgoyMDI2MDIyNS4wIKXMDSoASAFQAw%3D%3D",https://tabelog.com/aichi/A2301/A230101/23064950/,2026-03-02,2026-03-02
WineBar NINONI,千葉県船橋市本町4-44-11京成船橋高橋ビル 2F,35.7003501,139.9870502,3.38,4.4,"💡 숨겨진 맛집, 이탈리안, 다이닝 바, 스테이크, 후나바시, 카드 가능","WineBar NINONI는 신선한 생굴과 가성비 뛰어난 와인을 주력으로 하며, 블랙 앵거스 소고기와 볼로네제 등 와인과 잘 어울리는 고기 요리가 인기인 곳입니다. 차분한 분위기 속에 추가 비용을 지불하면 개별실 이용이 가능해 프라이빗한 식사를 즐길 수 있지만, 주말이나 저녁 시간에는 매우 붐비므로 사전 예약이 필수입니다. 전반적으로 음식과 와인의 질 대비 가격이 합리적이라는 평이 많으나, 매장이 혼잡할 때는 직원 응대가 다소 늦어질 수 있다는 점이 아쉬운 점으로 꼽힙니다.",🚇 게이세이후나바시역에서 도보 1분,✈️ 치바,https://tblg.k-img.com/resize/660x370c/restaurant/images/Rvw/274658/64d0836fbb1e1ba078e3da3601484f79.jpg?token=b831c1d&api=v2,"https://www.google.com/maps/place/%E7%89%A1%E8%A0%A3%E3%81%A8%E8%82%89+NINONI/@35.7003501,139.9844753,17z/data=!3m1!4b1!4m6!3m5!1s0x60187fcb4eb80c3f:0x8b7be1fe7b5a198e!8m2!3d35.7003501!4d139.9870502!16s%2Fg%2F11ptq7yxfk?entry=ttu&g_ep=EgoyMDI2MDIyNS4wIKXMDSoASAFQAw%3D%3D",https://tabelog.com/chiba/A1202/A120201/12053635/,2026-03-02,2026-03-02
ご馳走酒場 炉寿楽,熊本県熊本市中央区中央街1-3,32.8010579,130.7102203,3.3,4.3,"💡 숨겨진 맛집, 이자카야, 향토 요리, 주오구, 구마모토, 카드 가능","구마모토 번화가 골목에 위치한 이 식당은 반개별실을 갖추고 있어 아이 동반 가족이나 조용한 식사를 원하는 손님에게 적합하며, 주인장의 세심한 배려와 친절한 서비스가 돋보이는 곳입니다. 신선하고 다양한 부위의 말고기 육회(바사시)와 바삭한 전갱이 튀김, 조리 방식을 선택할 수 있는 표고버섯 요리 등 구마모토의 명물 요리를 사케와 함께 즐기기 좋습니다. 음식의 제공 속도가 빠르고 현지 특산물을 두루 맛볼 수 있다는 장점이 있으나, 일부 방문객 사이에서는 아주 특별하기보다는 평범한 맛이라는 평가도 공존합니다.",🚇 토리초스지역에서 261m,구마모토,https://tblg.k-img.com/resize/660x370c/restaurant/images/Rvw/295511/ea6636588dd51a4c3c512b901681a26f.jpg?token=281250a&api=v2,"https://www.google.com/maps/place/%E7%82%89%E5%AF%BF%E6%A5%BD/@32.8010579,130.7102203,17z/data=!3m1!4b1!4m6!3m5!1s0x3540f40c9a70e3a1:0x4a7002b003828d20!8m2!3d32.8010579!4d130.7102203!16s%2Fg%2F11c55rv4_6?entry=ttu&g_ep=EgoyMDI2MDIyNS4wIKXMDSoASAFQAw%3D%3D",https://tabelog.com/kumamoto/A4301/A430101/43012179/,2026-03-02,2026-03-02
すし処 きみや,鹿児島県鹿児島市宇宿3-32-5スリジエこころのクリニック 1F,31.569996,130.5066812,3.74,,"🏆 현지인 인증맛집, 스시(초밥), 가고시마, 현금만","가고시마의 **「스시도코로 키미야(すし処 きみや)」**는 타베로그 '스시 WEST 백명점'에 선정된 명소로, 시내에서 노면전차로 약 20분 거리인 와키다역 바로 앞에 위치해 접근성이 매우 좋습니다. 이곳은 5,000~6,000엔대의 **‘오마카세 니기리 코스’**를 통해 수준 높은 에도마에 스시를 제공하며, 명성에 비해 압도적으로 저렴한 가격과 훌륭한 가성비가 최대 장점입니다. 과거 서서 먹는 식당(타치구이)에서 시작된 만큼 실용적이고 깔끔한 분위기를 갖추고 있으며, 미용실을 연상시키는 독특한 외관 속에서 합리적인 가격으로 고급 스시를 즐길 수 있어 예약 필수 코스로 꼽힙니다.",🚇 JR 이부스키마쿠라자키선 우스키역 (가고시마현)역에서 도보 2분,가고시마,https://tblg.k-img.com/resize/660x370c/restaurant/images/Rvw/261476/bf03ac7ab0527d2f7a03e2ecbee2516d.jpg?token=84761d9&api=v2,"https://www.google.com/maps/search/%E3%81%99%E3%81%97%E5%87%A6+%E3%81%8D%E3%81%BF%E3%82%84+%E9%B9%BF%E5%85%90%E5%B3%B6%E7%9C%8C%E9%B9%BF/@31.569996,130.5066812,13z/data=!3m1!4b1?entry=ttu&g_ep=EgoyMDI2MDIyNS4wIKXMDSoASAFQAw%3D%3D",https://tabelog.com/kagoshima/A4601/A460101/46016654/,2026-03-02,2026-03-02
大衆炉ばた 在伍 大宮東口,埼玉県さいたま市大宮区宮町1-48TRN大宮 4F,35.9082552,139.6250272,3.53,4.5,"🏆 현지인 인증맛집, 이자카야, 바(Bar), 해산물, 사이타마, 카드 가능","사이타마 오미야역 인근에 위치한 이곳은 작은 입구와 대비되는 넓고 활기찬 내부 공간과 화로구이(로바타야키)를 직접 볼 수 있는 개방형 주방이 특징입니다. 대표 메뉴로는 임면수와 표고버섯 구이, 멸치(시라스) 피자, 소고기 미소 조림 등이 있으며, 세련된 분위기 속에서 조리 과정을 눈앞에서 즐기는 엔터테인먼트 요소가 돋보입니다. 직원의 서비스가 친절하고 주류 종류가 풍부해 평일에도 만석일 만큼 만족도가 높지만, 칸막이가 없는 구조상 매장이 다소 북적이고 소란스러울 수 있습니다.",🚇 JR 오미야역에서 도보 1분,🌳 사이타마,https://tblg.k-img.com/resize/660x370c/restaurant/images/Rvw/333953/7ca76ccb74c62a3f5eb42336022a046a.jpg?token=ce5349f&api=v2,"https://www.google.com/maps/place/%E5%A4%A7%E8%A1%86%E7%82%89%E3%81%B0%E3%81%9F+%E5%9C%A8%E4%BC%8D+-Argo-+%E5%A4%A7%E5%AE%AE%E6%9D%B1%E5%8F%A3/@35.9082552,139.6250272,17z/data=!3m1!4b1!4m6!3m5!1s0x6018c18e6243ad59:0x45fc4ccec4dacbab!8m2!3d35.9082552!4d139.6250272!16s%2Fg%2F11yqyk1vyz?entry=ttu&g_ep=EgoyMDI2MDIyNS4wIKXMDSoASAFQAw%3D%3D",https://tabelog.com/saitama/A1101/A110101/11066466/,2026-03-02,2026-03-02
すき焼き ズワイガニ・タラバガニ食べ放題 和牛とカニ 三条河原町店,京都府京都市中京区河原町通三条下ル2丁目山崎町258-22SKI河原町六角ビル 3F,34.846189,135.6392861,3.51,,"🏆 현지인 인증맛집, 샤브샤브, 스키야키, 교토, 카드 가능, 간편결제 가능","교토 가와라마치 인근에 위치한 이곳은 고품질 와규 스키야키와 킹크랩·대게를 무제한으로 즐길 수 있는 이색적인 조합의 맛집입니다. 1인당 16,000엔대의 '와규와 킹크랩 코스'가 대표적이며, 엄선된 사쓰마 니시키우와 살이 꽉 찬 신선한 게를 마음껏 먹을 수 있어 방문객들의 만족도가 매우 높습니다. 매장은 레트로하면서도 고급스러운 분위기를 갖추고 있으며, 게 손질용 도구가 잘 구비되어 있어 편리하고 호화로운 식사를 만끽할 수 있다는 점이 큰 장점입니다.",🚇 산조역에서 도보 5분,⛩️ 교토,https://tblg.k-img.com/resize/660x370c/restaurant/images/Rvw/345959/49559a15fe1ccbde79f88ea52ab0c5b7.jpg?token=18e2a75&api=v2,"https://www.google.com/maps/search/%E3%81%99%E3%81%8D%E7%84%BC%E3%81%8D+%E3%82%BA%E3%83%AF%E3%82%A4%E3%82%AC%E3%83%8B%E3%83%BB%E3%82%BF%E3%83%A9%E3%83%90%E3%82%AC%E3%83%8B%E9%A3%9F%E3%81%B9%E6%94%BE%E9%A1%8C+%E5%92%8C%E7%89%9B%E3%81%A8%E3%82%AB%E3%83%8B+%E4%B8%89%E6%9D%A1%E6%B2%B3%E5%8E%9F%E7%94%BA%E5%BA%97+%E4%BA%AC%E9%83%BD%E5%BA%9C%E4%BA%AC%E9%83%BD/@34.846189,135.6392861,11z/data=!3m1!4b1?entry=ttu&g_ep=EgoyMDI2MDIyNS4wIKXMDSoASAFQAw%3D%3D",https://tabelog.com/kyoto/A2601/A260301/26043762/,2026-03-02,2026-03-02
シュラスコ＆ビアレストラン ALEGRIA KITTE Hakata店,福岡県福岡市博多区博多駅中央街9-1KITTE博多 10F,33.5888114,130.4195844,3.21,4.7,"💡 숨겨진 맛집, 후쿠오카, 카드 가능, 간편결제 가능","하카타역 KITTE 10층에 위치한 이곳은 소·돼지·닭고기 등 최대 20종의 육류를 직원이 직접 썰어주는 정통 브라질식 슈하스코 무한리필 전문점입니다. 부드러운 고기뿐만 아니라 구운 파인애플과 카레가 인기 메뉴이며, 직원들이 테이블을 돌며 끊임없이 음식을 제공하는 빠른 서비스와 친절함이 큰 장점입니다. 활기차고 즐거운 분위기로 단체 모임에 적합하지만, 매장이 복도 쪽으로 트인 오픈형 구조라 다소 노출된 느낌을 줄 수 있습니다. 대체로 무한리필 코스의 만족도가 매우 높으나, 평일 일반 런치 플레이트는 고기 질이나 구성 면에서 아쉽다는 평이 있으니 무한리필 이용을 추천합니다.","🚇 후쿠오카시 쿠코선, 후쿠오카시 나나쿠마선 JR 하카타역에서 180m",🍜 후쿠오카,https://tblg.k-img.com/resize/660x370c/restaurant/images/Rvw/340720/65bff0abe736721a2377863d04298b22.jpg?token=224422e&api=v2,"https://www.google.com/maps/place/%E3%82%B7%E3%83%A5%E3%83%A9%E3%82%B9%E3%82%B3%EF%BC%86%E3%83%93%E3%82%A2%E3%83%AC%E3%82%B9%E3%83%88%E3%83%A9%E3%83%B3+ALEGRIA+KITTE+Hakata%E5%BA%97%EF%BC%88%E3%82%A2%E3%83%AC%E3%82%B0%E3%83%AA%E3%82%A2KITTE%E5%8D%9A%E5%A4%9A%E5%BA%97%EF%BC%89/@33.5888114,130.4195844,17z/data=!3m1!4b1!4m6!3m5!1s0x3541912fdf6de477:0xe04739674b01d7a4!8m2!3d33.5888114!4d130.4195844!16s%2Fg%2F11xl6bgxqs?entry=ttu&g_ep=EgoyMDI2MDIyNS4wIKXMDSoASAFQAw%3D%3D",https://tabelog.com/fukuoka/A4001/A400101/40070797/,2026-03-02,2026-03-02
本町焼肉DATENARI,宮城県仙台市青葉区本町2-6-32HANG OUT 1F,38.2637889,140.8758187,3.38,4.5,"💡 숨겨진 맛집, 야키니쿠, 센다이, 카드 가능, 간편결제 가능","본町焼肉 DATENARI는 A5 등급 센다이 우와 두툼한 우설, 생육회 등을 맛볼 수 있는 세련된 은신처 분위기의 야키니쿠 전문점입니다. 대표 메뉴인 두툼한 우설은 부드러운 식감으로 인기가 높으며, 가성비 좋은 점심 특선과 주류 세트가 마련되어 있어 지인과의 캐주얼한 모임에 적합합니다. 다만 고기 밑간이 다소 심심하거나 일부 수입산 육류가 질기다는 평이 있으며, 개별실이 없어 조용한 기념일용으로는 아쉬울 수 있다는 점이 특징입니다.","🚌 ■지하철/철도: 센다이 시영 지하철 난보쿠선 히로세도리역(동쪽 출입구 2) 도보 2분(86m), JR 도호쿠 본선(쿠로이소~리후·모리오카) 센다이역(북6) 도보 6분(410m), JR 센세키선 아오바도리역 도보 6분(420m), JR 센다이역 서쪽 출구 도보 10분 ■버스: 센다이 시 버스 605번 '지하철 히로세도리역' 도보 2분(130m), 미야기 교통 N2 '혼초 니초메' 도보 3분(200m), 슈호쿠 버스 오다테·카즈노~센다이선 '센다이 전력빌딩 앞' 도보 4분(300m), 히로세도리역에서 91m",미야기,https://tblg.k-img.com/resize/660x370c/restaurant/images/Rvw/233587/a3adc9f597cfed82c5836e997a4066d6.jpg?token=b878f69&api=v2,"https://www.google.com/maps/place/%E6%9C%AC%E7%94%BA%E7%84%BC%E8%82%89+DATENARI/@38.2637889,140.8758187,17z/data=!3m1!4b1!4m6!3m5!1s0x5f8a2933513b96af:0x397f4cdc373b5ba3!8m2!3d38.2637889!4d140.8758187!16s%2Fg%2F11lm0sdf9d?entry=ttu&g_ep=EgoyMDI2MDIyNS4wIKXMDSoASAFQAw%3D%3D",https://tabelog.com/miyagi/A0401/A040101/4023814/,2026-03-02,2026-03-02
海鮮個室酒場 伊まり 時計台前店,北海道札幌市中央区北1条西3-3-25荒巻時計台ビル B1F,43.0628622,141.3523366,3.29,4.5,"💡 숨겨진 맛집, 이자카야, 해산물, 주오구, 삿포로, 카드 가능, 간편결제 가능","삿포로 시계탑 인근에 위치한 이 식당은 2시간 990엔의 저렴한 무제한 음료(노미호다이)와 가성비 좋은 해산물 코스 요리를 제공하는 개별실 이자카야입니다. 화려한 비주얼의 도미·소라 사시미 모둠과 굴 마츠마에야키가 인기 메뉴이며, 태블릿 주문 방식임에도 직원이 직접 음료 마감을 안내해 주는 세심한 서비스가 특징입니다. 전 좌석이 프라이빗한 개별실로 구성되어 조용히 대화하기 좋으나, 실내 흡연이 가능하여 흡연자에게는 매력적이지만 비흡연자에게는 호불호가 갈릴 수 있습니다.",🚇 삿포로역에서 도보 2분,⛄ 홋카이도,https://tblg.k-img.com/resize/660x370c/restaurant/images/Rvw/271754/5e06238ab854421eb37e79963fced518.jpg?token=5577c51&api=v2,"https://www.google.com/maps/place/%E6%B5%B7%E9%AE%AE%E5%80%8B%E5%AE%A4%E9%85%92%E5%A0%B4+%E4%BC%8A%E3%81%BE%E3%82%8A+%E6%99%82%E8%A8%88%E5%8F%B0%E5%89%8D%E5%BA%97/@43.0628622,141.3523366,17z/data=!3m1!4b1!4m6!3m5!1s0x5f0b293accc8f0a9:0x92e23ce7ea86b30a!8m2!3d43.0628622!4d141.3523366!16s%2Fg%2F11vz7dh0gt?entry=ttu&g_ep=EgoyMDI2MDIyNS4wIKXMDSoASAFQAw%3D%3D",https://tabelog.com/hokkaido/A0101/A010101/1078529/,2026-03-02,2026-03-02
Allegro Kanazawa,石川県金沢市片町1-5-15関ビル 2F,36.5596635,136.6523317,3.51,4.5,"🏆 현지인 인증맛집, 이탈리안, 스테이크, 가나자와, 카드 가능","알레그로 가나자와(Allegro Kanazawa)는 가나자와 현지 식재료를 활용한 이탈리안 요리와 와인을 전문으로 하며, 게살 샐러드, 돼지고기 그릴, 제철 생선 요리 등이 인기 메뉴입니다. 카운터석과 개별실을 모두 갖추고 있어 혼자 방문하거나 생일 같은 기념일 모임에 적합하며, 직원의 친절한 메뉴 설명과 세심한 서비스가 큰 장점으로 꼽힙니다. 전반적으로 음식과 와인의 조화가 훌륭하다는 평이 많으나, 매장 상황에 따라 다소 활기차고 북적이는 분위기일 수 있다는 점이 특징입니다.","🚌 JR 등 각 노선 '가나자와역', 호쿠테쓰 가나자와 버스 '가타마치' 정류장에서 도보 1분, 가나자와 후랏토 버스 '가타마치·사이가와 오하시 키타' 정류장에서 도보 2분, 노마치역에서 957m",이시카와,https://tblg.k-img.com/resize/660x370c/restaurant/images/Rvw/249917/0bd8df654eba90094e691934df97d4c4.jpg?token=1861ac2&api=v2,"https://www.google.com/maps/place/Allegro+Kanazawa/@36.5596635,136.6523317,17z/data=!3m1!4b1!4m6!3m5!1s0x5ff8357dc64b81e7:0x48d807d46a2db98f!8m2!3d36.5596635!4d136.6523317!16s%2Fg%2F11s543409m?entry=ttu&g_ep=EgoyMDI2MDIyNS4wIKXMDSoASAFQAw%3D%3D",https://tabelog.com/ishikawa/A1701/A170101/17013643/,2026-03-02,2026-03-02
mitoho kyoto bettei,京都府京都市東山区宮川筋四条下る宮川筋5-324-2,34.9990836,135.7704078,3.52,4.8,"🏆 현지인 인증맛집, 샤브샤브, 스키야키, 교토, 카드 가능, 간편결제 가능","미토호 교토 별저(mitoho kyoto bettei)는 기온 시조 인근 골목에 위치한 100% 예약제 식당으로, 하루 30명 한정으로 교토의 계절감을 담은 ‘오감 몰입형 일식 코스’를 선보입니다. 식전 육수로 시작해 고기나 생선 중 메인을 선택할 수 있는 정갈한 코스 요리가 인기이며, 주변 시세 대비 4,500엔이라는 합리적인 가격에 수준 높은 식사를 즐길 수 있어 가성비가 매우 훌륭합니다. 12석의 아늑한 카운터석에서 눈과 입이 즐거운 아름다운 요리를 대접받는 듯한 분위기가 장점이지만, 인기 있는 시간대는 예약이 필수이며 양이 다소 적게 느껴질 수 있다는 점이 특징입니다. 아침부터 런치, 디너까지 시간대별로 운영되어 교토의 정취를 느끼며 여유로운 식사를 즐기고 싶은 분들께 추천합니다.",🚇 기온시조역에서 도보 5분,⛩️ 교토,https://tblg.k-img.com/resize/660x370c/restaurant/images/Rvw/341193/5eceacd01947817b855244c94909c0bc.jpg?token=a8d10d1&api=v2,"https://www.google.com/maps/place/mitoho+kyoto+bettei+%7C+Japanese+Restaurant/@34.9990836,135.7678329,17z/data=!3m1!4b1!4m6!3m5!1s0x600109584794fd97:0x7fda33dc01a1af9c!8m2!3d34.9990836!4d135.7704078!16s%2Fg%2F11wn38mmd5?entry=ttu&g_ep=EgoyMDI2MDIyNS4wIKXMDSoASAFQAw%3D%3D",https://tabelog.com/kyoto/A2601/A260201/26042295/,2026-03-02,2026-03-02
熊本 京都 鮨まつもと,熊本県熊本市中央区下通1-11-152F,32.7998796,130.7078064,3.6,4.1,"🏆 현지인 인증맛집, 스시(초밥), 해산물, 주오구, 구마모토, 카드 가능","구마모토의 「鮨まつもと(스시 마츠모토)」는 교토에 본점을 둔 미슐랭 경력 셰프의 정통 스시를 맛볼 수 있는 고급 식당으로, 시내 아케이드 인근에 위치해 접근성이 매우 좋습니다. 신선하고 탱글탱글한 관자(호타테)와 푸딩처럼 달콤한 달걀 디저트, 그리고 대게 요리가 포함된 코스 구성이 특히 인기 메뉴로 꼽힙니다. 분위기는 세련되고 격식 있으며, 장인과 마주하는 카운터석 외에 프라이빗한 개별실도 마련되어 있어 데이트나 비즈니스 모임에 적합합니다. 가격대가 높은 편이지만 전채요리부터 디저트까지의 흐름이 훌륭하여 특별한 날 방문하기 좋다는 평이 지배적입니다.",🚇 하나바타케초역에서 도보 5분,구마모토,https://tblg.k-img.com/resize/660x370c/restaurant/images/Rvw/248861/e34f9695ecf8e37c8599c0bcf2a8d1f3.jpg?token=58bfe5b&api=v2,"https://www.google.com/maps/place/%E7%86%8A%E6%9C%AC+%E4%BA%AC%E9%83%BD+%E9%AE%A8%E3%81%BE%E3%81%A4%E3%82%82%E3%81%A8%EF%BC%88%E6%97%A7%E3%81%99%E3%81%97%E5%A5%8F%EF%BC%89/@32.7998796,130.7078064,17z/data=!3m1!4b1!4m6!3m5!1s0x3540f5004fe87103:0x7d1808511c6237b8!8m2!3d32.7998796!4d130.7078064!16s%2Fg%2F11v_8xpdrj?entry=ttu&g_ep=EgoyMDI2MDIyNS4wIKXMDSoASAFQAw%3D%3D",https://tabelog.com/kumamoto/A4301/A430101/43018211/,2026-03-02,2026-03-02
焼肉パンチ りきちゃん別邸,大阪府大阪市北区堂島1-4-24にしきビル 1F,34.6962049,135.4978653,3.59,5,"🏆 현지인 인증맛집, 야키니쿠, 기타구, 오사카, 카드 가능","오사카 북신치(키타신치)에 위치한 이 식당의 특징과 요약 정보입니다.  1. **식당 특징 및 분위기**: 나라현의 유명 맛집인 ‘키미야’에서 독립한 곳으로, 최고급 흑우 안창살(하라미)과 토시살(사가리)을 전문으로 하며 점장의 화려한 고기 커팅 퍼포먼스를 즐길 수 있습니다. 2. **인기 메뉴**: 특선 안창살과 토시살이 대표적이며, 우설, 육회, 심장 자시(하츠사시) 등 신선한 부위와 더불어 고기와 잘 어울리는 와인 리스트, 맛깔나는 김치가 좋은 평을 받습니다. 3. **장점 및 활용도**: 세련된 인테리어와 개별실(프라이빗 룸)을 갖추고 있어 데이트나 비즈니스 접대 등 격식 있는 모임에 매우 적합하며, 고기 질과 코스 구성의 만족도가 높습니다. 4. **단점 및 참고사항**: 야키니쿠 격전지에 위치한 만큼 맛은 보장되어 있으나, 인기 있는 고급 전문점 특성상 가격대가 어느 정도 형성되어 있다는 점을 참고해야 합니다.","🚇 JR 기타신치, 니시우메다, 우메다, 우메다역에서 도보 10분",🐙 오사카,https://tblg.k-img.com/resize/660x370c/restaurant/images/Rvw/321733/47d488e6a2dc51089dd6798e4f8969e2.jpg?token=0adf074&api=v2,"https://www.google.com/maps/place/%E7%84%BC%E8%82%89%E3%83%91%E3%83%B3%E3%83%81+%E3%82%8A%E3%81%8D%E3%81%A1%E3%82%83%E3%82%93%E5%88%A5%E9%82%B8/@34.6962049,135.4978653,17z/data=!3m1!4b1!4m6!3m5!1s0x6000e7d42b025e6b:0x3ec54c04f2674cd!8m2!3d34.6962049!4d135.4978653!16s%2Fg%2F11x22_wglz?entry=ttu&g_ep=EgoyMDI2MDIyNS4wIKXMDSoASAFQAw%3D%3D",https://tabelog.com/osaka/A2701/A270101/27146856/,2026-03-02,2026-03-02
Le Beurre Noisette NAGOYA,愛知県名古屋市中村区名駅1-1-4JRセントラルタワーズ 12F,35.1708422,136.8829306,3.5,3.9,"🏆 현지인 인증맛집, 프렌치, 비스트로, 레스토랑, 나고야, 카드 가능, 간편결제 가능","나고야역 JR 센트럴 타워즈 12층에 위치한 이곳은 파리 본점의 맛을 재현한 네오 비스트로로, 뛰어난 접근성과 더불어 바, 카운터, 개별실을 갖춘 세련되고 넓은 분위기를 자랑합니다. 계절별로 구성이 바뀌는 선택형 프리픽스(Prefix) 코스 요리가 대표적이며, 음식의 화려한 비주얼과 풍성한 양, 정성스러운 기념일 플레이트 덕분에 각종 모임과 축하 자리에 인기가 많습니다. 공식 홈페이지 예약 시 합리적인 가격으로 이용할 수 있다는 장점이 있지만, 주말에는 예약이 필수이며 주류 가격이 다소 높고 음식이 조금 짭짤하게 느껴질 수 있다는 평이 있습니다.",🚇 나고야역에서 도보 1분,🏯 아이치,https://tblg.k-img.com/resize/660x370c/restaurant/images/Rvw/321908/753a5658eca0db786ee672a5b8a601cc.jpg?token=9680783&api=v2,"https://www.google.com/maps/place/Le+Beurre+Noisette+NAGOYA/@35.1708422,136.8803557,17z/data=!3m1!4b1!4m6!3m5!1s0x600376e792ffffff:0xb074246ba7ada279!8m2!3d35.1708422!4d136.8829306!16s%2Fg%2F11t5m_fjg9?entry=ttu&g_ep=EgoyMDI2MDIyNS4wIKXMDSoASAFQAw%3D%3D",https://tabelog.com/aichi/A2301/A230101/23081498/,2026-03-02,2026-03-02
牛腩麺館 新仙,東京都新宿区高田馬場4-11-10鈴木カメラビル 1F,35.713432,139.7021125,3.21,4.5,"💡 숨겨진 맛집, 중식, 신주쿠구, 카드 가능, 간편결제 가능","홍콩 미슐랭 가이드에 4년 연속 게재된 경력이 있는 이곳은 부드러운 소고기 양지와 힘줄이 듬뿍 들어간 홍콩식 우육면(규남면)과 맑은 탕면, 마파두부가 포함된 정식 메뉴가 인기입니다. 홍콩 현지의 맛을 충실히 재현하여 중화권 손님들이 즐겨 찾으며, 식당 내부가 카페처럼 깔끔하고 세련된 분위기를 갖추고 있다는 점이 특징입니다. 고기의 부드러운 식감과 깊은 국물 맛은 호평을 받지만, 도쿄 다카다노바바 지역 물가 대비 가격대가 다소 높게 형성되어 있다는 의견이 있습니다. 또한, 최근 일부 방문객들 사이에서 국물이나 밥이 미지근하게 제공되는 등 음식 온도 관리와 서비스 측면에서 아쉬움이 지적되기도 했습니다.",🚇 다카다노바바역에서 도보 5분,🗼 도쿄,https://tblg.k-img.com/resize/660x370c/restaurant/images/Rvw/315078/63012424fa1eb57442d2f48cc3ec1f7b.jpg?token=5001ffd&api=v2,"https://www.google.com/maps/place/%E7%89%9B%E8%85%A9%E9%BA%BA%E9%A4%A8+%E6%96%B0%E4%BB%99/@35.713432,139.7021125,17z/data=!3m1!4b1!4m6!3m5!1s0x60188d0035ba44fd:0xff472a86c75813fd!8m2!3d35.713432!4d139.7021125!16s%2Fg%2F11x2ks070g?entry=ttu&g_ep=EgoyMDI2MDIyNS4wIKXMDSoASAFQAw%3D%3D",https://tabelog.com/tokyo/A1305/A130503/13306526/,2026-03-02,2026-03-02
だし劇場 ○△□ すすきの駅前店,北海道札幌市中央区南四条西2-11-7TOMORUビル 8F,43.0562657,141.3555497,3.55,4.1,"🏆 현지인 인증맛집, 이자카야, 해산물, 주오구, 삿포로, 카드 가능","삿포로 스스키노 역 인근에 위치한 이곳은 고품질의 **'오뎅 무한 리필'**이 기본 안주(오토시)로 제공되는 점이 가장 큰 특징이자 인기 요인입니다. 밝고 활기찬 분위기 속에 친절한 서비스와 **다양한 사케 라인업**을 갖추고 있어 술을 즐기기에 좋으며, 매장 입구가 귀엽고 접근성이 뛰어나다는 평을 받습니다. 음식의 맛과 오뎅의 퀄리티는 훌륭하지만, 가격대가 다소 높고 안주 메뉴의 가짓수가 아주 다양하지는 않다는 점이 아쉬운 부분으로 꼽힙니다. 전체적으로 육수 맛이 깊은 오뎅을 마음껏 즐길 수 있다는 강력한 장점 덕분에 눈보라 속에서도 손님이 붐비는 인기 맛집입니다.",🚇 호스이스스키노역에서 도보 1분,⛄ 홋카이도,https://tblg.k-img.com/resize/660x370c/restaurant/images/Rvw/307797/75926b9878cb8da35cce5a91c4fe8bd8.jpg?token=cca7ec7&api=v2,"https://www.google.com/maps/place/%E3%81%A0%E3%81%97%E5%8A%87%E5%A0%B4%E3%80%87%E2%96%B3%E2%96%A1+%E3%81%99%E3%81%99%E3%81%8D%E3%81%AE%E9%A7%85%E5%89%8D%E5%BA%97/@43.0562657,141.3529748,17z/data=!3m1!4b1!4m6!3m5!1s0x5f0b29d0ef595597:0x18b75d4ca1ff27a2!8m2!3d43.0562657!4d141.3555497!16s%2Fg%2F11whtwr_qf?entry=ttu&g_ep=EgoyMDI2MDIyNS4wIKXMDSoASAFQAw%3D%3D",https://tabelog.com/hokkaido/A0101/A010102/1078823/,2026-03-02,2026-03-02
焼肉うしごろ 横浜店,神奈川県横浜市神奈川区鶴屋町2-15CRANE YOKOHAMA ビル 5F-E,35.4679207,139.6230893,3.7,4.3,"🏆 현지인 인증맛집, 야키니쿠, 스테이크, 요코하마, 카드 가능, 간편결제 가능","「야키니쿠 우시고로 요코하마점」은 가고시마 흑우 등 최고급 와규를 숙련된 직원이 직접 구워주는 세심한 서비스와 계절별 식재료를 활용한 화려한 비주얼의 코스 요리가 특징입니다. 송이버섯, 성게알 등을 곁들인 감각적인 메뉴와 와인 페어링 덕분에 특히 여성 고객과 커플에게 인기가 많으며, 점심에는 가성비 좋은 코스도 운영하여 가족 외식 장소로도 사랑받습니다. 세련된 분위기와 빠른 응대 속도가 큰 장점이지만, 매장 분위기가 매우 화려하고 고급스러워 혼자 방문하기에는 다소 어색할 수 있다는 평이 있습니다.",🚇 요코하마역에서 도보 2분,🌊 가나가와,https://tblg.k-img.com/resize/660x370c/restaurant/images/Rvw/316755/f7e1e713793bc4ab0595547e0b9f7884.jpg?token=fab9c3d&api=v2,"https://www.google.com/maps/place/%E3%81%86%E3%81%97%E3%81%94%E3%82%8D+%E6%A8%AA%E6%B5%9C%E5%BA%97/@35.4679207,139.6230893,17z/data=!3m1!4b1!4m6!3m5!1s0x60185d87f86f01db:0xe6af6dcd135c1188!8m2!3d35.4679207!4d139.6230893!16s%2Fg%2F11l4nbd4b9?entry=ttu&g_ep=EgoyMDI2MDIyNS4wIKXMDSoASAFQAw%3D%3D",https://tabelog.com/kanagawa/A1401/A140101/14080409/,2026-03-02,2026-03-02
大衆バル29man,千葉県船橋市本町1-11-62F,35.6994705,139.9849257,3.53,4.2,"🏆 현지인 인증맛집, 이자카야, 이탈리안, 후나바시, 카드 가능","후나바시역 인근에 위치한 '대중발(大衆バル) 29man'은 창의적인 이탈리안 요리를 뛰어난 가성비로 즐길 수 있는 세련되고 활기찬 분위기의 비스트로입니다. 장어를 올린 우프마요, 소고기 포아그라 로시니, 무 포르치니 소스 등 독특하고 맛있는 메뉴가 많아 여성 고객들의 모임이나 친구와의 술자리에 인기가 높습니다. 주말이나 피크 시간대에는 예약 없이 입장이 어려울 정도로 붐비므로 사전 예약이 필수이며, 골목 안쪽에 위치했음에도 맛과 친절한 서비스 면에서 재방문 의사가 높은 곳입니다.",🚇 게이세이후나바시역에서 도보 １분,✈️ 치바,https://tblg.k-img.com/resize/660x370c/restaurant/images/Rvw/326081/df2a076a4bceb05eb9a6956c6ccb468b.jpg?token=2b0ae77&api=v2,"https://www.google.com/maps/place/29man/@35.6994705,139.9849257,17z/data=!3m1!4b1!4m6!3m5!1s0x60187f5ff38b5235:0x9a6ba33179825ee4!8m2!3d35.6994705!4d139.9849257!16s%2Fg%2F11s462lqmm?entry=ttu&g_ep=EgoyMDI2MDIyNS4wIKXMDSoASAFQAw%3D%3D",https://tabelog.com/chiba/A1202/A120201/12055325/,2026-03-02,2026-03-02
肴家あうん,沖縄県那覇市久米2-7-1,26.215162,127.6761808,3.41,4.2,"💡 숨겨진 맛집, 이자카야, 오키나와 요리, 나하, 카드 가능, 간편결제 가능","나하 아사히바시역 인근의 '사카나야 아운'은 넓고 깨끗한 개별실과 카운터석을 모두 갖춰 가족 단위 여행객부터 혼술족까지 모두 편안하게 즐길 수 있는 오키나와 요리 전문점입니다. 인기 메뉴로는 오징어 먹물 소면 찬푸르, 고기 말이 5종, 섬 락교 튀김 등이 있으며, 특히 1인 손님을 배려한 하프 사이즈 메뉴와 친절한 서비스가 큰 장점으로 꼽힙니다. 전반적인 요리의 맛과 분위기에 대한 만족도는 매우 높으나, 사시미(회)의 신선도에 대해서는 간혹 아쉬운 평가가 있으니 주문 시 참고하시기 바랍니다.",🚇 아사히바시역에서 도보 3분,🌴 오키나와,https://tblg.k-img.com/resize/660x370c/restaurant/images/Rvw/341331/1c072f5d271e9c34a23e11644cdce3c6.jpg?token=a89e731&api=v2,"https://www.google.com/maps/place/%E7%82%AD%E7%81%AB%E7%84%BC%E3%81%8D%C3%97%E6%97%AC%E3%81%AE%E3%81%94%E3%81%A1%E3%81%9D%E3%81%86%E3%81%A8%E6%97%A8%E3%81%84%E9%85%92+%E8%82%B4%E5%AE%B6%E3%81%82%E3%81%86%E3%82%93/@26.215162,127.6736059,17z/data=!3m1!4b1!4m6!3m5!1s0x34e5699c74647b1b:0x87076475653cb192!8m2!3d26.215162!4d127.6761808!16s%2Fg%2F1tdd_2td?entry=ttu&g_ep=EgoyMDI2MDIyNS4wIKXMDSoASAFQAw%3D%3D",https://tabelog.com/okinawa/A4701/A470101/47000974/,2026-03-02,2026-03-02
Seafood bar Ermitage 横浜鶴屋町店,神奈川県横浜市神奈川区鶴屋町2-19-3鶴屋町貸店舗 2F・3F,35.4691879,139.62236,3.47,4.3,"💡 숨겨진 맛집, 이탈리안, 바(Bar), 다이닝 바, 요코하마, 카드 가능, 간편결제 가능","요코하마역 인근에 위치한 이 식당은 자판기 모양의 독특한 비밀의 문 입구와 넓고 아늑한 인테리어가 돋보이는 이탈리안 씨푸드 바입니다. 성게알과 연어알 파스타 등 신선한 해산물을 활용한 양식 메뉴가 인기이며, 평일 점심 시간대에는 비교적 여유롭게 식사를 즐길 수 있습니다. 세련된 분위기 덕분에 데이트나 가족 모임 장소로 평판이 좋으나, 입구가 숨겨져 있어 찾기 어려울 수 있고 메뉴에 따라 소스나 간이 다소 심심하다는 일부 의견도 있습니다.",🚇 각사 노선 요코하마역에서 도보 5분,🌊 가나가와,https://tblg.k-img.com/resize/660x370c/restaurant/images/Rvw/342094/21d19485dcd6cc7f4e7eaa5132de210b.jpg?token=e5e2b34&api=v2,"https://www.google.com/maps/place/Seafood+bar+Ermitage+%E6%A8%AA%E6%B5%9C%E9%B6%B4%E5%B1%8B%E7%94%BA%E5%BA%97/@35.4691879,139.62236,17z/data=!3m1!4b1!4m6!3m5!1s0x60185d4490780c45:0xeac144fcfd7c2db2!8m2!3d35.4691879!4d139.62236!16s%2Fg%2F11t7z65bbk?entry=ttu&g_ep=EgoyMDI2MDIyNS4wIKXMDSoASAFQAw%3D%3D",https://tabelog.com/kanagawa/A1401/A140101/14087911/,2026-03-02,2026-03-02
晴々 南越谷店,埼玉県越谷市南越谷1-19-3パインズビル 4F,35.8756545,139.7878336,3.57,,"🏆 현지인 인증맛집, 이자카야, 야키토리, 나베, 모츠나베(곱창전골), 카드 가능","일본의 이자카야 「晴々 南越谷店」은 미나미코시가야역 인근의 편리한 접근성을 바탕으로 신선한 회와 야키토리, 가성비 좋은 무제한 음료 코스를 제공하는 곳입니다. 매장은 밝고 캐주얼한 분위기로 친구나 동료와의 모임에 적합하며, 음식의 맛과 양에 대해서는 대체로 만족도가 높습니다. 하지만 예약과 달리 개별실이나 금연석이 보장되지 않는 경우가 있고, 서비스가 불친절하거나 매장 내 흡연 연기 관리가 미흡하다는 지적이 있어 서비스 품질에 대한 호불호가 크게 갈리는 편입니다.",🚇 미나미코시가야역에서 도보 0분,🌳 사이타마,https://tblg.k-img.com/resize/660x370c/restaurant/images/Rvw/331433/13ba428de92a6a2b2b84b3c5e3f1268b.jpg?token=21971f3&api=v2,"https://www.google.com/maps/search/%E6%99%B4%E3%80%85+%E5%8D%97%E8%B6%8A%E8%B0%B7%E5%BA%97+%E5%9F%BC%E7%8E%89%E7%9C%8C%E8%B6%8A%E8%B0%B7/@35.8756545,139.7878336,17z/data=!3m1!4b1?entry=ttu&g_ep=EgoyMDI2MDIyNS4wIKXMDSoASAFQAw%3D%3D",https://tabelog.com/saitama/A1102/A110203/11066427/,2026-03-02,2026-03-02
個室居酒屋 和菜美 札幌駅前店,北海道札幌市中央区北4条西6-1-1エターナルパンセ 3F,43.065573,141.3469139,3.54,4.3,"🏆 현지인 인증맛집, 이자카야, 해산물, 나베, 주오구, 삿포로, 카드 가능","삿포로역 인근에 위치한 이 식당은 깔끔한 목재 인테리어와 프라이빗한 개별실을 갖추고 있어, 도심 속에서도 차분하고 세련된 분위기를 즐길 수 있는 이자카야입니다. 신선한 해산물과 정갈한 정통 일식 메뉴가 인기이며, 역과의 뛰어난 접근성 덕분에 퇴근길 직장인부터 여행객까지 다양한 손님들이 즐겨 찾습니다. 신규 매장 특유의 청결함과 매끄러운 서비스가 큰 장점으로 꼽혀 기념일이나 모임 장소로 적합하지만, 인기 업장인 만큼 저녁 시간대에는 다소 붐빌 수 있습니다.",🚇 삿포로역에서 도보 1분,⛄ 홋카이도,https://tblg.k-img.com/resize/660x370c/restaurant/images/Rvw/258451/633d8faf7e445a3529332ed1e6fb5354.jpg?token=d4af201&api=v2,"https://www.google.com/maps/place/%E5%92%8C%E8%8F%9C%E7%BE%8E+%E6%9C%AD%E5%B9%8C%E9%A7%85%E5%89%8D%E5%BA%97/@43.065573,141.3469139,17z/data=!3m1!4b1!4m6!3m5!1s0x5f0b29d11de2b6bf:0x1f779eeecf326355!8m2!3d43.065573!4d141.3469139!16s%2Fg%2F11jvq_16vp?entry=ttu&g_ep=EgoyMDI2MDIyNS4wIKXMDSoASAFQAw%3D%3D",https://tabelog.com/hokkaido/A0101/A010101/1065293/,2026-03-02,2026-03-02
居酒屋 ごいち,宮城県仙台市宮城野区榴岡1-2-47イーストセブンビル 1F・2F,38.2594257,140.884905,3.41,4.5,"💡 숨겨진 맛집, 이자카야, 해산물, 센다이, 카드 가능","센다이역 동구 인근에 위치한 **'이자카야 고이치'**는 현지인들이 추천하는 맛집으로, 리뷰 평점이 높고 인기가 많아 **사전 예약이 필수**인 곳입니다. 두툼한 **우설(규탄) 소금구이와 삼각 유부 튀김**, 신선한 해산물 등 미야기현의 향토 요리와 다양한 지역 사케를 아담하고 아늑한 분위기에서 즐길 수 있습니다. 역과의 뛰어난 접근성과 훌륭한 음식 맛이 큰 장점이나, 매장이 협소하여 예약 없이 방문하면 자리를 잡기 어렵다는 점이 유일한 단점입니다.",🚇 센다이역 (미야기현)역에서 도보 1분,미야기,https://tblg.k-img.com/resize/660x370c/restaurant/images/Rvw/212605/dad203e35c9f3d2bbb3b534ea7d5fcaf.jpg?token=2c86721&api=v2,"https://www.google.com/maps/place/%E5%B1%85%E9%85%92%E5%B1%8B%E3%81%94%E3%81%84%E3%81%A1+%E4%BB%99%E5%8F%B0%E9%A7%85%E6%9D%B1%E5%8F%A3%E5%BA%97/@38.2594257,140.884905,17z/data=!3m1!4b1!4m6!3m5!1s0x5f8a28191940af2d:0x9e12ba71567ad112!8m2!3d38.2594257!4d140.884905!16s%2Fg%2F1tfl9gpj?entry=ttu&g_ep=EgoyMDI2MDIyNS4wIKXMDSoASAFQAw%3D%3D",https://tabelog.com/miyagi/A0401/A040102/4011316/,2026-03-02,2026-03-02
restaurant ecoutieres,石川県金沢市北安江2-7-31,36.5839692,136.6501271,3.62,4.3,"🏆 현지인 인증맛집, 프렌치, 가나자와, 카드 가능","가나자와에 위치한 **restaurant ecoutieres**는 하루 두 팀만 예약받는 정통 프렌치 레스토랑으로, 현지 식재료와 식기를 적극 활용해 지역의 특색을 요리에 정교하게 담아내는 것이 특징입니다.  인기 메뉴로는 제철 가노 가니(게) 요리, 성게알을 곁들인 당근 무스, 굴 우엉 수프 등이 있으며, 14~15가지의 창의적인 코스 요리와 완벽한 조화를 이루는 와인 페어링이 높은 만족도를 제공합니다.  식당 내부는 단정하면서도 따뜻하고 세심한 서비스가 돋보이는 공간으로, 가격대가 높음에도 불구하고 요리의 구성과 품질 면에서 압도적인 가성비를 자랑한다는 호평을 받고 있습니다.  다만 인기가 많아 예약 타이밍을 맞추기 어렵다는 점이 유일한 단점으로 꼽히며, 특별한 날을 위한 미식 공간으로 강력히 추천되는 곳입니다.",🚇 가나자와역에서 도보 ７분,이시카와,https://tblg.k-img.com/resize/660x370c/restaurant/images/Rvw/322643/7002284a1a9c94551e7fdcc2c8b24ae9.jpg?token=2e76bd5&api=v2,"https://www.google.com/maps/place/%E3%82%A8%E3%82%AF%E3%83%86%E3%82%A3%E3%83%AB+ecoutieres/@36.5839692,136.6501271,17z/data=!3m1!4b1!4m6!3m5!1s0x5ff833a6c087cfcf:0xf3a2d4cd49acf0c7!8m2!3d36.5839692!4d136.6501271!16s%2Fg%2F11sk5sg11m?entry=ttu&g_ep=EgoyMDI2MDIyNS4wIKXMDSoASAFQAw%3D%3D",https://tabelog.com/ishikawa/A1701/A170101/17013984/,2026-03-02,2026-03-02
雪月花 本店,兵庫県神戸市中央区北長狭通1-9-3レインボープラザ 8F,34.6926884,135.1918262,3.54,4.3,"🏆 현지인 인증맛집, 해산물, 철판구이, 스테이크, 주오구, 고베, 카드 가능","고베 산노미야역에서 도보 30초 거리인 이 식당은 6년 연속 미슐랭 1스타를 획득한 검증된 고베규 철판요리 전문점입니다. 화려한 카운터석에서 셰프가 직접 구워주는 고품질의 고베규 코스 요리와 와인이 대표 메뉴이며, 확실한 원산지 증명이 보장된 고기 품질과 세련된 분위기가 특징입니다. 접근성이 좋고 서비스가 뛰어나 생일이나 기념일 등 특별한 날을 위한 장소로 인기가 높으며, 가격대는 다소 높지만 그만큼의 가치를 하는 '실패 없는 맛집'이라는 평이 지배적입니다. 이처럼 뛰어난 맛과 분위기, 친절한 서비스가 가장 큰 장점으로 꼽힙니다.",🚇 한큐 산노미야역에서 도보 3분,🥩 효고,https://tblg.k-img.com/resize/660x370c/restaurant/images/Rvw/137481/137481912.jpg?token=c230209&api=v2,"https://www.google.com/maps/place/%E7%A5%9E%E6%88%B8%E7%89%9B+%E3%82%B9%E3%83%86%E3%83%BC%E3%82%AD+%E9%89%84%E6%9D%BF%E7%84%BC+%E9%9B%AA%E6%9C%88%E8%8A%B1+%E6%9C%AC%E5%BA%97/@34.6926884,135.1918262,17z/data=!3m1!4b1!4m6!3m5!1s0x60008ee419af7751:0xefffd9b26cff674a!8m2!3d34.6926884!4d135.1918262!16s%2Fg%2F1tmqr6rv?entry=ttu&g_ep=EgoyMDI2MDIyNS4wIKXMDSoASAFQAw%3D%3D",https://tabelog.com/hyogo/A2801/A280101/28002228/,2026-03-02,2026-03-02
香港飲茶専門店 西遊記 横浜中華街,神奈川県横浜市中区山下町149-1-4,35.4435,139.6460014,3.46,4.4,"💡 숨겨진 맛집, 중식, 요코하마, 카드 가능","요코하마 중화가에 위치한 이곳은 달콤하고 짭짤한 맛이 일품인 **‘차슈 메론빵’**과 탱글탱글한 새우 쇼마이 등 현지의 맛을 잘 살린 정통 홍콩식 얌차로 유명합니다. 깔끔한 외관과 함께 조리 과정을 직접 볼 수 있는 활기찬 분위기를 갖추고 있으며, 테이크아웃 전용 테이블이 마련되어 있어 간편하게 즐기기에도 좋습니다. 다만 주말이나 연휴에는 대기가 길어 예약이 권장되며, 마감 시간 서비스가 다소 엄격하거나 고기 부위에 따라 맛의 편차가 있을 수 있다는 점은 참고해야 합니다.",🚇 츄카가이역에서 도보 5분,🌊 가나가와,https://tblg.k-img.com/resize/660x370c/restaurant/images/Rvw/139449/139449393.jpg?token=cbe6173&api=v2,"https://www.google.com/maps/place/%E8%A5%BF%E9%81%8A%E8%A8%98/@35.4435,139.6460014,17z/data=!3m1!4b1!4m6!3m5!1s0x60185dc17716b8e7:0x76bc20650b82ebea!8m2!3d35.4435!4d139.6460014!16s%2Fg%2F11qmr7ngq9?entry=ttu&g_ep=EgoyMDI2MDIyNS4wIKXMDSoASAFQAw%3D%3D",https://tabelog.com/kanagawa/A1401/A140105/14080918/,2026-03-02,2026-03-02
